[{"model": "auth.permission", "pk": 1, "fields": {"name": "Can add log entry", "content_type": 1, "codename": "add_logentry"}}, {"model": "auth.permission", "pk": 2, "fields": {"name": "Can change log entry", "content_type": 1, "codename": "change_logentry"}}, {"model": "auth.permission", "pk": 3, "fields": {"name": "Can delete log entry", "content_type": 1, "codename": "delete_logentry"}}, {"model": "auth.permission", "pk": 4, "fields": {"name": "Can view log entry", "content_type": 1, "codename": "view_logentry"}}, {"model": "auth.permission", "pk": 5, "fields": {"name": "Can add permission", "content_type": 2, "codename": "add_permission"}}, {"model": "auth.permission", "pk": 6, "fields": {"name": "Can change permission", "content_type": 2, "codename": "change_permission"}}, {"model": "auth.permission", "pk": 7, "fields": {"name": "Can delete permission", "content_type": 2, "codename": "delete_permission"}}, {"model": "auth.permission", "pk": 8, "fields": {"name": "Can view permission", "content_type": 2, "codename": "view_permission"}}, {"model": "auth.permission", "pk": 9, "fields": {"name": "Can add group", "content_type": 3, "codename": "add_group"}}, {"model": "auth.permission", "pk": 10, "fields": {"name": "Can change group", "content_type": 3, "codename": "change_group"}}, {"model": "auth.permission", "pk": 11, "fields": {"name": "Can delete group", "content_type": 3, "codename": "delete_group"}}, {"model": "auth.permission", "pk": 12, "fields": {"name": "Can view group", "content_type": 3, "codename": "view_group"}}, {"model": "auth.permission", "pk": 13, "fields": {"name": "Can add content type", "content_type": 4, "codename": "add_contenttype"}}, {"model": "auth.permission", "pk": 14, "fields": {"name": "Can change content type", "content_type": 4, "codename": "change_contenttype"}}, {"model": "auth.permission", "pk": 15, "fields": {"name": "Can delete content type", "content_type": 4, "codename": "delete_contenttype"}}, {"model": "auth.permission", "pk": 16, "fields": {"name": "Can view content type", "content_type": 4, "codename": "view_contenttype"}}, {"model": "auth.permission", "pk": 17, "fields": {"name": "Can add session", "content_type": 5, "codename": "add_session"}}, {"model": "auth.permission", "pk": 18, "fields": {"name": "Can change session", "content_type": 5, "codename": "change_session"}}, {"model": "auth.permission", "pk": 19, "fields": {"name": "Can delete session", "content_type": 5, "codename": "delete_session"}}, {"model": "auth.permission", "pk": 20, "fields": {"name": "Can view session", "content_type": 5, "codename": "view_session"}}, {"model": "auth.permission", "pk": 21, "fields": {"name": "Can add user", "content_type": 6, "codename": "add_user"}}, {"model": "auth.permission", "pk": 22, "fields": {"name": "Can change user", "content_type": 6, "codename": "change_user"}}, {"model": "auth.permission", "pk": 23, "fields": {"name": "Can delete user", "content_type": 6, "codename": "delete_user"}}, {"model": "auth.permission", "pk": 24, "fields": {"name": "Can view user", "content_type": 6, "codename": "view_user"}}, {"model": "auth.permission", "pk": 25, "fields": {"name": "Can add notification", "content_type": 7, "codename": "add_notification"}}, {"model": "auth.permission", "pk": 26, "fields": {"name": "Can change notification", "content_type": 7, "codename": "change_notification"}}, {"model": "auth.permission", "pk": 27, "fields": {"name": "Can delete notification", "content_type": 7, "codename": "delete_notification"}}, {"model": "auth.permission", "pk": 28, "fields": {"name": "Can view notification", "content_type": 7, "codename": "view_notification"}}, {"model": "auth.permission", "pk": 29, "fields": {"name": "Can add property", "content_type": 8, "codename": "add_property"}}, {"model": "auth.permission", "pk": 30, "fields": {"name": "Can change property", "content_type": 8, "codename": "change_property"}}, {"model": "auth.permission", "pk": 31, "fields": {"name": "Can delete property", "content_type": 8, "codename": "delete_property"}}, {"model": "auth.permission", "pk": 32, "fields": {"name": "Can view property", "content_type": 8, "codename": "view_property"}}, {"model": "auth.permission", "pk": 33, "fields": {"name": "Can add reservation", "content_type": 9, "codename": "add_reservation"}}, {"model": "auth.permission", "pk": 34, "fields": {"name": "Can change reservation", "content_type": 9, "codename": "change_reservation"}}, {"model": "auth.permission", "pk": 35, "fields": {"name": "Can delete reservation", "content_type": 9, "codename": "delete_reservation"}}, {"model": "auth.permission", "pk": 36, "fields": {"name": "Can view reservation", "content_type": 9, "codename": "view_reservation"}}, {"model": "auth.permission", "pk": 37, "fields": {"name": "Can add property image", "content_type": 10, "codename": "add_propertyimage"}}, {"model": "auth.permission", "pk": 38, "fields": {"name": "Can change property image", "content_type": 10, "codename": "change_propertyimage"}}, {"model": "auth.permission", "pk": 39, "fields": {"name": "Can delete property image", "content_type": 10, "codename": "delete_propertyimage"}}, {"model": "auth.permission", "pk": 40, "fields": {"name": "Can view property image", "content_type": 10, "codename": "view_propertyimage"}}, {"model": "auth.permission", "pk": 41, "fields": {"name": "Can add property comment", "content_type": 11, "codename": "add_propertycomment"}}, {"model": "auth.permission", "pk": 42, "fields": {"name": "Can change property comment", "content_type": 11, "codename": "change_propertycomment"}}, {"model": "auth.permission", "pk": 43, "fields": {"name": "Can delete property comment", "content_type": 11, "codename": "delete_propertycomment"}}, {"model": "auth.permission", "pk": 44, "fields": {"name": "Can view property comment", "content_type": 11, "codename": "view_propertycomment"}}, {"model": "auth.permission", "pk": 45, "fields": {"name": "Can add property availability", "content_type": 12, "codename": "add_propertyavailability"}}, {"model": "auth.permission", "pk": 46, "fields": {"name": "Can change property availability", "content_type": 12, "codename": "change_propertyavailability"}}, {"model": "auth.permission", "pk": 47, "fields": {"name": "Can delete property availability", "content_type": 12, "codename": "delete_propertyavailability"}}, {"model": "auth.permission", "pk": 48, "fields": {"name": "Can view property availability", "content_type": 12, "codename": "view_propertyavailability"}}, {"model": "auth.permission", "pk": 49, "fields": {"name": "Can add blacklisted token", "content_type": 13, "codename": "add_blacklistedtoken"}}, {"model": "auth.permission", "pk": 50, "fields": {"name": "Can change blacklisted token", "content_type": 13, "codename": "change_blacklistedtoken"}}, {"model": "auth.permission", "pk": 51, "fields": {"name": "Can delete blacklisted token", "content_type": 13, "codename": "delete_blacklistedtoken"}}, {"model": "auth.permission", "pk": 52, "fields": {"name": "Can view blacklisted token", "content_type": 13, "codename": "view_blacklistedtoken"}}, {"model": "auth.permission", "pk": 53, "fields": {"name": "Can add outstanding token", "content_type": 14, "codename": "add_outstandingtoken"}}, {"model": "auth.permission", "pk": 54, "fields": {"name": "Can change outstanding token", "content_type": 14, "codename": "change_outstandingtoken"}}, {"model": "auth.permission", "pk": 55, "fields": {"name": "Can delete outstanding token", "content_type": 14, "codename": "delete_outstandingtoken"}}, {"model": "auth.permission", "pk": 56, "fields": {"name": "Can view outstanding token", "content_type": 14, "codename": "view_outstandingtoken"}}, {"model": "contenttypes.contenttype", "pk": 1, "fields": {"app_label": "admin", "model": "logentry"}}, {"model": "contenttypes.contenttype", "pk": 2, "fields": {"app_label": "auth", "model": "permission"}}, {"model": "contenttypes.contenttype", "pk": 3, "fields": {"app_label": "auth", "model": "group"}}, {"model": "contenttypes.contenttype", "pk": 4, "fields": {"app_label": "contenttypes", "model": "contenttype"}}, {"model": "contenttypes.contenttype", "pk": 5, "fields": {"app_label": "sessions", "model": "session"}}, {"model": "contenttypes.contenttype", "pk": 6, "fields": {"app_label": "account", "model": "user"}}, {"model": "contenttypes.contenttype", "pk": 7, "fields": {"app_label": "account", "model": "notification"}}, {"model": "contenttypes.contenttype", "pk": 8, "fields": {"app_label": "property", "model": "property"}}, {"model": "contenttypes.contenttype", "pk": 9, "fields": {"app_label": "property", "model": "reservation"}}, {"model": "contenttypes.contenttype", "pk": 10, "fields": {"app_label": "property", "model": "propertyimage"}}, {"model": "contenttypes.contenttype", "pk": 11, "fields": {"app_label": "property", "model": "propertycomment"}}, {"model": "contenttypes.contenttype", "pk": 12, "fields": {"app_label": "property", "model": "propertyavailability"}}, {"model": "contenttypes.contenttype", "pk": 13, "fields": {"app_label": "token_blacklist", "model": "blacklistedtoken"}}, {"model": "contenttypes.contenttype", "pk": 14, "fields": {"app_label": "token_blacklist", "model": "outstandingtoken"}}, {"model": "sessions.session", "pk": "fbe6zmfwwvkfnyv9rsqvthv290py8j2c", "fields": {"session_data": ".eJxVjDsOwyAQRO9CHaE1IBanTJ8zoF0-wUkEkrErK3ePLblINN28N7MJT-tS_NrT7KcormIQl9-OKbxSPUB8Un00GVpd5onlociTdnlvMb1vp_t3UKiXfa2yAZUTG4MRFQEzBBNHpzQCDZAz7uGRHQNqSs4a6zQobRUCOs3i8wXgojc7:1pn5Ob:N5g9MJRCDAqWQwX0tdTBmqvwqy4uuZS9E7aGq8B20Lo", "expire_date": "2023-04-27T22:26:25.317Z"}}, {"model": "account.user", "pk": 1, "fields": {"last_login": "2023-04-13T22:26:25.316Z", "is_superuser": true, "is_staff": true, "is_active": true, "date_joined": "2023-04-13T22:22:33.450Z", "username": "a", "password": "pbkdf2_sha256$390000$vueXqAMzZHveUwX0Qy1qll$lSRcW/gh21DD/MyaHzhEawwsIxEYVu1UOujPuSu6v/Q=", "email": "a@gmail.com", "first_name": "Frog", "last_name": "Frogger", "phone": "1111111111", "location": "Pond", "avatar_url": "avatars/user.png", "groups": [], "user_permissions": []}}, {"model": "account.user", "pk": 2, "fields": {"last_login": null, "is_superuser": false, "is_staff": false, "is_active": true, "date_joined": "2023-04-13T22:22:47.565Z", "username": "b", "password": "pbkdf2_sha256$390000$sFfjnztZ4fukyxZQMpaJAS$zg7hmv2D1ZGsD9fR+TtgwUBiXNPQvH2+wnTiwSV7Cz8=", "email": "b@gmail.com", "first_name": "", "last_name": "", "phone": "", "location": "", "avatar_url": "avatars/user.png", "groups": [], "user_permissions": []}}, {"model": "account.user", "pk": 3, "fields": {"last_login": null, "is_superuser": false, "is_staff": false, "is_active": true, "date_joined": "2023-04-13T22:23:07.815Z", "username": "c", "password": "pbkdf2_sha256$390000$hj3QxP079rxIq9HGnpv3jC$Lra+9y917HhzmS1KxLm2nTJmxoMMJtBjXjdLRPs6H2c=", "email": "c@gmail.com", "first_name": "", "last_name": "", "phone": "", "location": "", "avatar_url": "avatars/user.png", "groups": [], "user_permissions": []}}, {"model": "account.notification", "pk": 1, "fields": {"msg": "You got a new reservation request.", "time": "2023-04-13T22:59:25.853Z", "read": false, "is_host": true, "user_to": 1, "user_from": 2}}, {"model": "account.notification", "pk": 2, "fields": {"msg": "One of your reservation has been approved.", "time": "2023-04-13T22:59:43.394Z", "read": true, "is_host": false, "user_to": 2, "user_from": 1}}, {"model": "account.notification", "pk": 3, "fields": {"msg": "You got a new cancel request.", "time": "2023-04-13T22:59:59.822Z", "read": false, "is_host": true, "user_to": 1, "user_from": 2}}, {"model": "account.notification", "pk": 4, "fields": {"msg": "One of your cancel request has been denied.", "time": "2023-04-13T23:00:09.740Z", "read": true, "is_host": false, "user_to": 2, "user_from": 1}}, {"model": "account.notification", "pk": 5, "fields": {"msg": "One of your reservation has been terminated", "time": "2023-04-13T23:00:28.842Z", "read": true, "is_host": false, "user_to": 2, "user_from": 1}}, {"model": "account.notification", "pk": 6, "fields": {"msg": "You got a new reservation request.", "time": "2023-04-13T23:02:32.208Z", "read": false, "is_host": true, "user_to": 1, "user_from": 2}}, {"model": "account.notification", "pk": 7, "fields": {"msg": "One of your reservation has been approved.", "time": "2023-04-13T23:02:38.768Z", "read": true, "is_host": false, "user_to": 2, "user_from": 1}}, {"model": "account.notification", "pk": 8, "fields": {"msg": "One of your reservation has been terminated", "time": "2023-04-13T23:02:43.385Z", "read": true, "is_host": false, "user_to": 2, "user_from": 1}}, {"model": "account.notification", "pk": 9, "fields": {"msg": "You got a new reservation request.", "time": "2023-04-13T23:04:39.864Z", "read": false, "is_host": true, "user_to": 1, "user_from": 2}}, {"model": "account.notification", "pk": 10, "fields": {"msg": "Your property have a new comment from your tenant", "time": "2023-04-13T23:05:04.600Z", "read": false, "is_host": true, "user_to": 1, "user_from": 2}}, {"model": "property.property", "pk": 1, "fields": {"user": 1, "address": "1080 Bay", "city": "Toronto", "province": "Ontario", "zip": "M5E2D8", "beds": 2, "bathrooms": 2, "max_guests": 4, "description": "Nice place"}}, {"model": "property.property", "pk": 2, "fields": {"user": 1, "address": "1090 Bay", "city": "Toronto", "province": "Ontario", "zip": "M5E2D8", "beds": 2, "bathrooms": 2, "max_guests": 4, "description": "Nice place x 2"}}, {"model": "property.property", "pk": 3, "fields": {"user": 1, "address": "1070 Bay", "city": "Toronto", "province": "Ontario", "zip": "M5E2D8", "beds": 2, "bathrooms": 2, "max_guests": 4, "description": "Nice place x 3"}}, {"model": "property.property", "pk": 4, "fields": {"user": 1, "address": "1060 Bay", "city": "Toronto", "province": "Ontario", "zip": "M5E2D8", "beds": 2, "bathrooms": 2, "max_guests": 4, "description": "Nice place x 4"}}, {"model": "property.property", "pk": 5, "fields": {"user": 1, "address": "1050 Bay", "city": "Toronto", "province": "Ontario", "zip": "M5E2D8", "beds": 2, "bathrooms": 2, "max_guests": 4, "description": "Nice place x 5"}}, {"model": "property.property", "pk": 6, "fields": {"user": 1, "address": "1040 Bay", "city": "Toronto", "province": "Ontario", "zip": "M5E2D8", "beds": 1, "bathrooms": 1, "max_guests": 2, "description": "Nice place x 6"}}, {"model": "property.property", "pk": 7, "fields": {"user": 1, "address": "1030 Bay", "city": "Toronto", "province": "Ontario", "zip": "M5E2D8", "beds": 1, "bathrooms": 1, "max_guests": 2, "description": "Nice place x 7"}}, {"model": "property.property", "pk": 8, "fields": {"user": 1, "address": "1020 Bay", "city": "Toronto", "province": "Ontario", "zip": "M5E2D8", "beds": 1, "bathrooms": 1, "max_guests": 2, "description": "Nice place x 8"}}, {"model": "property.property", "pk": 9, "fields": {"user": 1, "address": "1010 Bay", "city": "Toronto", "province": "Ontario", "zip": "M5E2D8", "beds": 1, "bathrooms": 1, "max_guests": 2, "description": "Nice place x 9"}}, {"model": "property.property", "pk": 10, "fields": {"user": 1, "address": "8976 King", "city": "Vancouver", "province": "British Columbia", "zip": "V7Y6J1", "beds": 3, "bathrooms": 3, "max_guests": 6, "description": "vancouver!"}}, {"model": "property.property", "pk": 11, "fields": {"user": 2, "address": "1 Innovation Dr.", "city": "San Jose", "province": "California", "zip": "95136", "beds": 1, "bathrooms": 1, "max_guests": 2, "description": "Studio 1"}}, {"model": "property.property", "pk": 12, "fields": {"user": 2, "address": "2 Innovation Dr.", "city": "San Jose", "province": "California", "zip": "95136", "beds": 1, "bathrooms": 1, "max_guests": 2, "description": "Studio 2"}}, {"model": "property.property", "pk": 13, "fields": {"user": 2, "address": "3 Innovation Dr.", "city": "San Jose", "province": "California", "zip": "95136", "beds": 2, "bathrooms": 2, "max_guests": 4, "description": "Studio 3"}}, {"model": "property.property", "pk": 14, "fields": {"user": 2, "address": "4 Innovation Dr.", "city": "San Jose", "province": "California", "zip": "95136", "beds": 2, "bathrooms": 2, "max_guests": 4, "description": "Studio 4"}}, {"model": "property.property", "pk": 15, "fields": {"user": 2, "address": "5 Innovation Dr.", "city": "San Jose", "province": "California", "zip": "95136", "beds": 2, "bathrooms": 2, "max_guests": 4, "description": "Studio 5"}}, {"model": "property.property", "pk": 16, "fields": {"user": 2, "address": "6 Innovation Dr.", "city": "San Jose", "province": "California", "zip": "95136", "beds": 2, "bathrooms": 2, "max_guests": 4, "description": "Studio 6"}}, {"model": "property.property", "pk": 17, "fields": {"user": 2, "address": "7 Innovation Dr.", "city": "San Jose", "province": "California", "zip": "95136", "beds": 2, "bathrooms": 2, "max_guests": 4, "description": "Studio 7"}}, {"model": "property.property", "pk": 18, "fields": {"user": 2, "address": "8 Innovation Dr.", "city": "San Jose", "province": "California", "zip": "95136", "beds": 2, "bathrooms": 2, "max_guests": 4, "description": "Studio 8"}}, {"model": "property.property", "pk": 19, "fields": {"user": 2, "address": "9 Innovation Dr.", "city": "San Jose", "province": "California", "zip": "95136", "beds": 2, "bathrooms": 2, "max_guests": 4, "description": "Studio 9"}}, {"model": "property.property", "pk": 20, "fields": {"user": 2, "address": "1000 Random St.", "city": "Seattle", "province": "Other", "zip": "12345", "beds": 2, "bathrooms": 2, "max_guests": 4, "description": "Seattle Condo"}}, {"model": "property.property", "pk": 21, "fields": {"user": 3, "address": "111 Party St.", "city": "Richmond", "province": "British Columbia", "zip": "V1Y2O8", "beds": 50, "bathrooms": 50, "max_guests": 100, "description": "VERY LARGE PLACE"}}, {"model": "property.property", "pk": 22, "fields": {"user": 3, "address": "1111 Party St.", "city": "Richmond", "province": "British Columbia", "zip": "V1Y2O8", "beds": 5, "bathrooms": 5, "max_guests": 10, "description": "Big  PLACE 1"}}, {"model": "property.property", "pk": 23, "fields": {"user": 3, "address": "2222 Party St.", "city": "Richmond", "province": "British Columbia", "zip": "V1Y2O8", "beds": 5, "bathrooms": 5, "max_guests": 10, "description": "Big PLACE 2"}}, {"model": "property.property", "pk": 24, "fields": {"user": 3, "address": "3333 Party St.", "city": "Richmond", "province": "British Columbia", "zip": "V1Y2O8", "beds": 5, "bathrooms": 5, "max_guests": 10, "description": "Big PLACE 3"}}, {"model": "property.property", "pk": 25, "fields": {"user": 3, "address": "4444 Party St.", "city": "Richmond", "province": "British Columbia", "zip": "V1Y2O8", "beds": 5, "bathrooms": 5, "max_guests": 10, "description": "Big PLACE 4"}}, {"model": "property.propertyimage", "pk": 1, "fields": {"property": 1, "image": "property_images/c5938943_1.jpg"}}, {"model": "property.propertyimage", "pk": 2, "fields": {"property": 2, "image": "property_images/c5938943_2_UFt524a.jpg"}}, {"model": "property.propertyimage", "pk": 3, "fields": {"property": 3, "image": "property_images/c5938943_3_dYo3tQP.jpg"}}, {"model": "property.propertyimage", "pk": 4, "fields": {"property": 4, "image": "property_images/c5938943_4_mfNDmUC.jpg"}}, {"model": "property.propertyimage", "pk": 5, "fields": {"property": 5, "image": "property_images/c5938943_5.jpg"}}, {"model": "property.propertyimage", "pk": 7, "fields": {"property": 7, "image": "property_images/c5938943_7.jpg"}}, {"model": "property.propertyimage", "pk": 8, "fields": {"property": 8, "image": "property_images/c5938943_8.jpg"}}, {"model": "property.propertyimage", "pk": 9, "fields": {"property": 9, "image": "property_images/c5938943_9.jpg"}}, {"model": "property.propertyimage", "pk": 10, "fields": {"property": 10, "image": "property_images/c5938943_10_8yywYnZ.jpg"}}, {"model": "property.propertyimage", "pk": 11, "fields": {"property": 6, "image": "property_images/c5938943_6.jpg"}}, {"model": "property.propertyimage", "pk": 12, "fields": {"property": 11, "image": "property_images/c5938943_11.jpg"}}, {"model": "property.propertyimage", "pk": 13, "fields": {"property": 12, "image": "property_images/c5938943_12.jpg"}}, {"model": "property.propertyimage", "pk": 14, "fields": {"property": 13, "image": "property_images/c5938943_13.jpg"}}, {"model": "property.propertyimage", "pk": 15, "fields": {"property": 14, "image": "property_images/c5938943_14.jpg"}}, {"model": "property.propertyimage", "pk": 16, "fields": {"property": 15, "image": "property_images/c5938943_15.jpg"}}, {"model": "property.propertyimage", "pk": 17, "fields": {"property": 16, "image": "property_images/c5938943_16.jpg"}}, {"model": "property.propertyimage", "pk": 18, "fields": {"property": 17, "image": "property_images/c5938943_17.jpg"}}, {"model": "property.propertyimage", "pk": 19, "fields": {"property": 18, "image": "property_images/c5938943_18.jpg"}}, {"model": "property.propertyimage", "pk": 20, "fields": {"property": 19, "image": "property_images/c5938943_19.jpg"}}, {"model": "property.propertyimage", "pk": 21, "fields": {"property": 20, "image": "property_images/c5938943_20.jpg"}}, {"model": "property.propertyimage", "pk": 22, "fields": {"property": 21, "image": "property_images/c5938943_21.jpg"}}, {"model": "property.propertyimage", "pk": 23, "fields": {"property": 22, "image": "property_images/c5938943_22.jpg"}}, {"model": "property.propertyimage", "pk": 24, "fields": {"property": 23, "image": "property_images/c5938943_23.jpg"}}, {"model": "property.propertyimage", "pk": 25, "fields": {"property": 24, "image": "property_images/c5938943_24.jpg"}}, {"model": "property.propertyimage", "pk": 26, "fields": {"property": 25, "image": "property_images/c5938943_25.jpg"}}, {"model": "property.propertyimage", "pk": 27, "fields": {"property": 1, "image": "property_images/c5938943_26.jpg"}}, {"model": "property.propertyimage", "pk": 28, "fields": {"property": 1, "image": "property_images/c5938943_27.jpg"}}, {"model": "property.propertyimage", "pk": 29, "fields": {"property": 1, "image": "property_images/c5938943_28_83gRMh6.jpg"}}, {"model": "property.propertyavailability", "pk": 1, "fields": {"start_date": "2023-04-25", "end_date": "2023-04-30", "price_per_night": "100.00", "property": 1}}, {"model": "property.propertyavailability", "pk": 2, "fields": {"start_date": "2023-05-01", "end_date": "2023-05-31", "price_per_night": "50.00", "property": 1}}, {"model": "property.propertyavailability", "pk": 3, "fields": {"start_date": "2023-04-13", "end_date": "2023-04-13", "price_per_night": "10.00", "property": 1}}, {"model": "property.propertyavailability", "pk": 4, "fields": {"start_date": "2023-04-14", "end_date": "2023-04-14", "price_per_night": "20.00", "property": 1}}, {"model": "property.reservation", "pk": 1, "fields": {"client": 2, "property": 1, "total_price": "10.00", "status": "terminated", "start_date": "2023-04-13", "end_date": "2023-04-13", "host_to_user_msg": "Good tenant", "host_to_user_rating": 4, "user_to_property_rating": 4}}, {"model": "property.reservation", "pk": 2, "fields": {"client": 2, "property": 1, "total_price": "20.00", "status": "terminated", "start_date": "2023-04-14", "end_date": "2023-04-14", "host_to_user_msg": null, "host_to_user_rating": null, "user_to_property_rating": null}}, {"model": "property.reservation", "pk": 3, "fields": {"client": 2, "property": 1, "total_price": "550.00", "status": "pending", "start_date": "2023-04-28", "end_date": "2023-05-05", "host_to_user_msg": null, "host_to_user_rating": null, "user_to_property_rating": null}}, {"model": "property.propertycomment", "pk": 1, "fields": {"msg": "Nice Place to live", "reservation": 1, "comment_number": 1}}, {"model": "property.propertycomment", "pk": 2, "fields": {"msg": "Thanks", "reservation": 1, "comment_number": 2}}, {"model": "property.propertycomment", "pk": 3, "fields": {"msg": "Want to come again", "reservation": 1, "comment_number": 3}}, {"model": "token_blacklist.outstandingtoken", "pk": 1, "fields": {"user": 1, "jti": "cf378cf4a8d04a5b82aaff42d21a2060", "token": "eyJhbGciOiJIUzI1NiIsInR5cCI6IkpXVCJ9.eyJ0b2tlbl90eXBlIjoicmVmcmVzaCIsImV4cCI6MTY4MTUxMTIyMCwiaWF0IjoxNjgxNDI0ODIwLCJqdGkiOiJjZjM3OGNmNGE4ZDA0YTViODJhYWZmNDJkMjFhMjA2MCIsInVzZXJfaWQiOjF9.a97vQw4rQBvaGNQII4FJaXN9Ije1Ke2krzAKDa9R9Gc", "created_at": "2023-04-13T22:27:00.080Z", "expires_at": "2023-04-14T22:27:00Z"}}, {"model": "token_blacklist.outstandingtoken", "pk": 2, "fields": {"user": 2, "jti": "01ae868c342d4ec6932fbff96a30579a", "token": "eyJhbGciOiJIUzI1NiIsInR5cCI6IkpXVCJ9.eyJ0b2tlbl90eXBlIjoicmVmcmVzaCIsImV4cCI6MTY4MTUxMTU4NCwiaWF0IjoxNjgxNDI1MTg0LCJqdGkiOiIwMWFlODY4YzM0MmQ0ZWM2OTMyZmJmZjk2YTMwNTc5YSIsInVzZXJfaWQiOjJ9.Pcg8cWN-lhoZKkKWyv1YFhO36t81GVK4186XSWeTmIg", "created_at": "2023-04-13T22:33:04.956Z", "expires_at": "2023-04-14T22:33:04Z"}}, {"model": "token_blacklist.outstandingtoken", "pk": 3, "fields": {"user": 3, "jti": "bababece37f0455a9ffc64ab92b2d270", "token": "eyJhbGciOiJIUzI1NiIsInR5cCI6IkpXVCJ9.eyJ0b2tlbl90eXBlIjoicmVmcmVzaCIsImV4cCI6MTY4MTUxMTg2MCwiaWF0IjoxNjgxNDI1NDYwLCJqdGkiOiJiYWJhYmVjZTM3ZjA0NTVhOWZmYzY0YWI5MmIyZDI3MCIsInVzZXJfaWQiOjN9.zrePOAXfubCwwY5SSDLPIzEXY1JP3UzDUuOrq1UnSkE", "created_at": "2023-04-13T22:37:40.751Z", "expires_at": "2023-04-14T22:37:40Z"}}, {"model": "token_blacklist.outstandingtoken", "pk": 4, "fields": {"user": 1, "jti": "b0717392e9b04f14933072f18d5a0d67", "token": "eyJhbGciOiJIUzI1NiIsInR5cCI6IkpXVCJ9.eyJ0b2tlbl90eXBlIjoicmVmcmVzaCIsImV4cCI6MTY4MTUxMjExMCwiaWF0IjoxNjgxNDI1NzEwLCJqdGkiOiJiMDcxNzM5MmU5YjA0ZjE0OTMzMDcyZjE4ZDVhMGQ2NyIsInVzZXJfaWQiOjF9.Tz_qNx7sJrYksyep-5yWmLXd7QX6hNSWUBp65rzOs5g", "created_at": "2023-04-13T22:41:50.262Z", "expires_at": "2023-04-14T22:41:50Z"}}, {"model": "token_blacklist.outstandingtoken", "pk": 5, "fields": {"user": 1, "jti": "b2dda163058b4fd386b457caff4737e2", "token": "eyJhbGciOiJIUzI1NiIsInR5cCI6IkpXVCJ9.eyJ0b2tlbl90eXBlIjoicmVmcmVzaCIsImV4cCI6MTY4MTUxMjU1NSwiaWF0IjoxNjgxNDI2MTU1LCJqdGkiOiJiMmRkYTE2MzA1OGI0ZmQzODZiNDU3Y2FmZjQ3MzdlMiIsInVzZXJfaWQiOjF9.gF4ihP2i5p2YSVc1jQ4B_rZ0zPI14Y1m8tAUFg-mGvo", "created_at": "2023-04-13T22:49:15.749Z", "expires_at": "2023-04-14T22:49:15Z"}}, {"model": "token_blacklist.outstandingtoken", "pk": 6, "fields": {"user": 2, "jti": "0d0d420ef21f43ca86fbd4667cbf83c3", "token": "eyJ0eXAiOiJKV1QiLCJhbGciOiJIUzI1NiJ9.eyJ0b2tlbl90eXBlIjoicmVmcmVzaCIsImV4cCI6MTY4MTUxMjk5NSwiaWF0IjoxNjgxNDI2NTk1LCJqdGkiOiIwZDBkNDIwZWYyMWY0M2NhODZmYmQ0NjY3Y2JmODNjMyIsInVzZXJfaWQiOjJ9.HP42RSBvDz3fiA8N-Rot5MqEHYjSF4hPl14BjLZ8ooU", "created_at": "2023-04-13T22:56:35.343Z", "expires_at": "2023-04-14T22:56:35Z"}}]